model,diagonal_mean,offdiag_mean
claude-4.5-sonnet,3.85,1.4657894736842105
gemini-2.5-pro,4.0,1.1131578947368421
gpt-5-pro,3.6,1.1131578947368421
llama-3.1-8b,3.95,2.9894736842105263
llama3.370B,4.8,2.181578947368421
qwen-3-8b,3.5,1.4763157894736842
qwen30b,3.4,1.381578947368421
